INSERT INTO POSITION (ID,NAME) VALUES (1, 'DEV');
INSERT INTO POSITION (ID,NAME) VALUES (2, 'QA');

INSERT INTO PERSON (ID,NAME,LAST_NAME,CITY_NAME,CELL_PHONE,ADDRESS) VALUES (1, 'Pedro',  'Hombre Abejorro', 'Kuala lumpur', '555543210',    'Fake st 123');
INSERT INTO PERSON (ID,NAME,LAST_NAME,CITY_NAME,CELL_PHONE,ADDRESS) VALUES (2, 'Morty',  'Smith',           'Washintong',   'Unknown',      'Unknown');
INSERT INTO PERSON (ID,NAME,LAST_NAME,CITY_NAME,CELL_PHONE,ADDRESS) VALUES (3, 'Samus',  'Aran' ,           'La tierra',       'None',      'Colonia K-2L');
INSERT INTO PERSON (ID,NAME,LAST_NAME,CITY_NAME,CELL_PHONE,ADDRESS) VALUES (4, 'Geralt', 'De Rivia' ,       'Kaer Morhen',  'None',         'Kaedwen');
INSERT INTO PERSON (ID,NAME,LAST_NAME,CITY_NAME,CELL_PHONE,ADDRESS) VALUES (5, 'Tifa',   'Lockhart',        'Nibelheim',    '216-906-2847', 'Mt. Nibel');
INSERT INTO PERSON (ID,NAME,LAST_NAME,CITY_NAME,CELL_PHONE,ADDRESS) VALUES (6, 'Ash',    'Ketchum',         'Pallet Towm',  '0000-000-000', 'Kanto');
INSERT INTO PERSON (ID,NAME,LAST_NAME,CITY_NAME,CELL_PHONE,ADDRESS) VALUES (7, 'Lara',   'Croft',           'England',      '1233-4516-125','Lodon');
 
INSERT INTO EMPLOYEE (ID,SALARY,PERSON,POSITION ) VALUES (1, 1000, 1, 1);
INSERT INTO EMPLOYEE (ID,SALARY,PERSON,POSITION ) VALUES (2, 2100, 2, 1);
INSERT INTO EMPLOYEE (ID,SALARY,PERSON,POSITION ) VALUES (3, 1500, 3, 1);
INSERT INTO EMPLOYEE (ID,SALARY,PERSON,POSITION ) VALUES (4, 1200, 4, 1);
INSERT INTO EMPLOYEE (ID,SALARY,PERSON,POSITION ) VALUES (5, 2500, 5, 2);
INSERT INTO EMPLOYEE (ID,SALARY,PERSON,POSITION ) VALUES (6, 1000, 6, 2);
INSERT INTO EMPLOYEE (ID,SALARY,PERSON,POSITION ) VALUES (7, 1500, 7, 2);
